ID_TRAMITE,TIPO_TRAMITE,ADMINISTRACION_ZONAL,FECHA_INGRESO,RESULTADO_CONTROL,NO_CONFORMIDADES
TCR-0001,Actualización predial,Calderón,2026-01-05,Conforme,0
TCR-0002,Actualización predial,Cumbayá,2026-01-06,Conforme,0
TCR-0003,Regularización de área,Tumbaco,2026-01-07,Conforme,0
TCR-0004,Transferencia de dominio,Quitumbe,2026-01-08,Conforme,0
TCR-0005,Actualización predial,Nayón,2026-01-09,Conforme,0
TCR-0006,Rectificación de linderos,Calderón,2026-01-10,Conforme,0
TCR-0007,Regularización de área,Cumbayá,2026-01-12,Conforme,0
TCR-0008,Transferencia de dominio,Tumbaco,2026-01-13,Conforme,0
TCR-0009,Actualización predial,Quitumbe,2026-01-14,Conforme,0
TCR-0010,Rectificación de linderos,Nayón,2026-01-15,Conforme,0
TCR-0011,Actualización predial,Calderón,2026-01-16,Conforme,0
TCR-0012,Regularización de área,Cumbayá,2026-01-19,Conforme,0
TCR-0013,Transferencia de dominio,Tumbaco,2026-01-20,Conforme,0
TCR-0014,Actualización predial,Quitumbe,2026-01-21,Conforme,0
TCR-0015,Rectificación de linderos,Nayón,2026-01-22,Conforme,0
TCR-0016,Actualización predial,Calderón,2026-01-23,Conforme,0
TCR-0017,Regularización de área,Cumbayá,2026-01-26,Conforme,0
TCR-0018,Transferencia de dominio,Tumbaco,2026-01-27,Conforme,0
TCR-0019,Actualización predial,Quitumbe,2026-01-28,Conforme,0
TCR-0020,Rectificación de linderos,Nayón,2026-01-29,Conforme,0
TCR-0021,Actualización predial,Calderón,2026-01-30,Conforme,0
TCR-0022,Regularización de área,Cumbayá,2026-02-02,Conforme,0
TCR-0023,Transferencia de dominio,Tumbaco,2026-02-03,Conforme,0
TCR-0024,Actualización predial,Quitumbe,2026-02-04,Conforme,0
TCR-0025,Rectificación de linderos,Nayón,2026-02-05,Conforme,0
TCR-0026,Actualización predial,Calderón,2026-02-06,Conforme,0
TCR-0027,Regularización de área,Cumbayá,2026-02-09,Conforme,0
TCR-0028,Transferencia de dominio,Tumbaco,2026-02-10,Conforme,0
TCR-0029,Actualización predial,Quitumbe,2026-02-11,Conforme,0
TCR-0030,Rectificación de linderos,Nayón,2026-02-12,Conforme,0
TCR-0031,Actualización predial,Calderón,2026-02-13,Conforme,0
TCR-0032,Regularización de área,Cumbayá,2026-02-16,Conforme,0
TCR-0033,Transferencia de dominio,Tumbaco,2026-02-17,Conforme,0
TCR-0034,Actualización predial,Quitumbe,2026-02-18,Conforme,0
TCR-0035,Rectificación de linderos,Nayón,2026-02-19,Conforme,0
TCR-0036,Actualización predial,Calderón,2026-02-20,Conforme,0
TCR-0037,Regularización de área,Cumbayá,2026-02-23,Conforme,0
TCR-0038,Transferencia de dominio,Tumbaco,2026-02-24,Conforme,0
TCR-0039,Actualización predial,Quitumbe,2026-02-25,Conforme,0
TCR-0040,Rectificación de linderos,Nayón,2026-02-26,Conforme,0
TCR-0041,Actualización predial,Calderón,2026-02-27,Conforme,0

