PUNTO_ID,SECTOR,AMBITO,ESTE_REF,NORTE_REF,ESTE_GNSS,NORTE_GNSS,ERROR_POSICIONAL_M,TOLERANCIA_M,CUMPLE
R-001,Pifo,Rural,510000.000,9985000.000,510000.450,9985000.300,0.541,2.00,SI
R-002,Puembo,Rural,510400.000,9984600.000,510401.100,9984599.700,1.140,2.00,SI
R-003,Nono,Rural,510800.000,9984200.000,510798.900,9984200.800,1.360,2.00,SI
R-004,Lloa,Rural,511200.000,9983800.000,511201.700,9983799.300,1.838,2.00,SI
R-005,Yaruquí,Rural,511600.000,9983400.000,511602.100,9983400.100,2.102,2.00,NO
R-006,Checa,Rural,512000.000,9983000.000,511999.350,9983000.400,0.763,2.00,SI
R-007,Tababela,Rural,512400.000,9982600.000,512401.300,9982599.850,1.309,2.00,SI
R-008,El Quinche,Rural,512800.000,9982200.000,512801.850,9982200.100,1.853,2.00,SI
R-009,Amaguaña,Rural,513200.000,9981800.000,513202.300,9981799.900,2.302,2.00,NO
R-010,Píntag,Rural,513600.000,9981400.000,513600.700,9981401.100,1.304,2.00,SI
R-011,Guayllabamba,Rural,514000.000,9981000.000,513998.900,9980999.500,1.208,2.00,SI
R-012,Calacalí,Rural,514400.000,9980600.000,514401.500,9980600.800,1.700,2.00,SI
R-013,Zámbiza,Rural,514800.000,9980200.000,514802.050,9980200.200,2.060,2.00,NO
R-014,Lumbisí,Rural,515200.000,9979800.000,515200.300,9979799.850,0.335,2.00,SI
R-015,San José de Minas,Rural,515600.000,9979400.000,515601.000,9979401.400,1.720,2.00,SI
R-016,Atahualpa,Rural,516000.000,9979000.000,515998.400,9979000.500,1.676,2.00,SI
R-017,Perucho,Rural,516400.000,9978600.000,516402.200,9978599.900,2.202,2.00,NO
R-018,Pacto,Rural,516800.000,9978200.000,516801.200,9978200.900,1.500,2.00,SI
R-019,Gualea,Rural,517200.000,9977800.000,517199.650,9977798.200,1.834,2.00,SI
R-020,Nanegal,Rural,517600.000,9977400.000,517601.900,9977400.300,1.924,2.00,SI

